USE restea;


SET FOREIGN_KEY_CHECKS=0;
DELETE FROM user;
DELETE FROM role;
DELETE FROM user_role;
DELETE FROM product;
DELETE FROM type;
DELETE FROM origin;
DELETE FROM flavor;
DELETE FROM property;
DELETE FROM product_flavor;
DELETE FROM product_properties;
DELETE FROM blog_post;
DELETE FROM cart;


INSERT INTO origin(id, name)
VALUES (1, 'Китай'),
       (2, 'Індія');

INSERT INTO type(id, name)
VALUES (1, 'Білий'),
       (2, 'Зелений'),
       (3, 'Чорний'),
       (4, 'Фруктовий');

INSERT INTO product(id, name, description, image, price, type_id, origin_id)
VALUES (1, 'Юе Гуан Бай Ча', 'Цей унікальний чай багато хто називає "білим Пу Ером".І як завжди в народній творчості, це дуже близько до правди.Це дійсно білий чай. Збирають сировину з тієї ж породи дерев, що і для Пу Ера.',
        'https://newtea.ua/sites/default/files/styles/product-page/public/node/product/juje_guan_baj_cha_belyj_lunnyj_svet-00.jpg?itok=xW_Op_EP&timestamp=1642357934',
        7, 1, 1),
       (2, 'Срібні голки', 'З майже побожним захопленням і жахом ми несли додому на пробу цей неймовірний чай.Поспіхом відкрили пакет.Перше, що кинулося в очі - якась казкова пухнастість. Кожна чаїнка густо вкрита білим пухом.',
        'https://encrypted-tbn0.gstatic.com/images?q=tbn:ANd9GcTXEA1ARqIgj9GJ8Gj9bSwnrvuMh6fl7eHAgQ&usqp=CAU',
        15, 1, 2),
       (3, 'Бай Мудань', 'Ми впевнені, що Березневий Заєць і Капелюшник у Країні Чудес пили саме цей чай. Якщо закрити очі та прислухатися до відчуттів, то можна вловити неземні смакові відтінки, що нагадують карамельну солодкість, весняне капання і березовий сік. Прозорий настій з ледь помітним ароматом – те, що потрібно до недільного бранчу. Пийте його, не поспішаючи. І нехай весь світ зачекає.',
        'https://newtea.ua/sites/default/files/styles/product-page/public/node/product/belyj_chaj_belyj_pion_korolevskij.jpg?itok=rYKNZfYb&timestamp=1480693001',
        11, 1, 1),
       (4, 'Бай Мудань', 'Цей чай смачніший за пломбір з дитинства, ароматніший за букет троянд і змістовніший за велику радянську енциклопедію. Дуже сонячний чай. Ми обожнюємо його смак за нотки різнотрав''я, фруктів і меду. А ще – за солодкий післясмак. Як показує практика, «Біла півонія» зачаровує всіх дівчат без винятку. І вас зачарує, обіцяємо.',
        'https://newtea.ua/sites/default/files/styles/product-page/public/node/product/belyj-pion-baj-mudan-000.jpg?itok=6vpNmEYO&timestamp=1628568996',
        8, 1, 2),
       (5, 'Сиху Лунцзин', 'Друзі, знайомтеся – це наш новий чай, національна гордість Китаю. Тільки з''явився, а вже став улюбленцем. Яскравий, смачний, незабутній. Він як політ на повітряній кулі – залишає тільки приємні емоції та метеликів у животі. Саме цей Лунцзин з обмеженої території озера Сіху має титул «Знаменитий чай з Китаю». Саме озеро є об''єктом Всесвітньої спадщини ЮНЕСКО.',
        'https://newtea.ua/sites/default/files/styles/product-page/public/node/product/sihu_lunczin_kolodec_drakona.jpg?itok=p_SIaISH&timestamp=1562169480',
        10, 2, 1),
       (6, 'Бай Мао Хоу', 'Волохаті чаїнки схожі на хвостики мавп. Для цього чаю беруть бруньку і два сусідніх листочки, які щойно розпустилися. Чай легкий, без гіркоти, дає гарний золотистий настій. В ароматі відчуваються медові та цитрусові нотки. Ми вважаємо, що це найсмачніший чай для вечірньої релаксації після напруженого дня.',
        'https://newtea.ua/sites/default/files/styles/product-page/public/node/product/snezhnaja_obezjana_baj_mao_hou.jpg?itok=dNpIbyRE&timestamp=1554385518',
        14, 2, 2),
       (7, 'Лунцзин Суперлюкс', 'Коли я чую, як хтось говорить, що пробував Лун Цзин, мені завжди хочеться запитати - "А який саме Лунцзин ти пробував?". І завжди соромлюся .. Але саме цього лунцзина соромитися не можна! Їм потрібно хвалитися! Кричати на всіх кутах - спробуйте саме цей чай! Він сподобається всім. Люди, які спробували Лунцзин Суперлюкс, ніколи не стануть колишніми. Це третє око і рідка нірвана.',
        'https://newtea.ua/sites/default/files/styles/product-page/public/node/product/lunczin_superljuks.jpg?itok=aKLE5dW5&timestamp=1562172872',
        11, 2, 1),
       (8, 'Лу Шань Юнь У', 'Якби серед зелених чаїв проводився конкурс «Найкорисніший чай на кожний день», то Лу Шань Юнь У виборов би перше місце. Його можна пити вранці, вдень і ввечері. Він натуральний, як молоко корівки. Зібраний на екологічно чистій території гір Лушань. Зроблений з даоським терпінням мовчазних китайських фермерів.',
        'https://newtea.ua/sites/default/files/styles/product-page/public/node/product/lu_shan_jun_u-00.jpg?itok=z55rkP35&timestamp=1566277295',
        15, 2, 2),
       (9, 'Мао Фен', 'Мао Фен («Ворсисті піки») – класичний зелений чай. Легкий та ароматний. Найкращий чай, коли не знаєш, який напій сьогодні обрати. Хороший варіант для першого знайомства з китайськими чаями.',
        'https://newtea.ua/sites/default/files/styles/product-page/public/node/product/maofeng-01.jpg?itok=UfAvJGbA&timestamp=1628192490',
        11, 2, 1),
       (10, 'Лунцзин Преміум', 'Лунцзин - це класика. Це король зелених чаїв. Це найвідоміший зелений чай Китаю. Мабуть немає більше чаю, до якого можна підібрати стільки порівнянь, епітетів і титулів. І це не даремно. Особисто для мене Лун Цзін - найвідоміший чай. Я з закритими очима відрізню його від будь-якого іншого. А ви зможете?',
        'https://newtea.ua/sites/default/files/styles/product-page/public/node/product/luntszyn-premyum-00.jpg?itok=6CI_j_Q4&timestamp=1665716500',
        6, 2, 2),
       (11, 'Хуаншань Маофен', 'Назва цього чаю перекладається як «Ворсисті піки з жовтої гори». І цьому є пояснення. Листочки Маофен укриті дрібними бежевими ворсинками. Так, немов ранковий туман огорнув гірські піки. Чари на цьому не закінчуються. Чай дуже легкий. Коли ви куштуєте його, то відчуваєте, що трішки піднімаєтеся над землею, немов маєте крила.',
        'https://newtea.ua/sites/default/files/styles/product-list/public/node/product/img2/huanshan_maofjen-02.jpg?itok=v4Rsb8FU',
        25, 2, 2),
       (12, 'Смарагдові перлини', 'Це ті самі жасминові перлини.Але без жасмину.Ми відволікли похилого віку фермера і укручили кілька кілограм.Дуже вже нам хотілося спробувати початковий смак.Якщо ви теж прагнете докопатися до самої суті – велкам.Ще кілька кілограмів залишилося.',
        'https://newtea.ua/sites/default/files/styles/product-page/public/node/product/izumrudnye-zhemchuzhiny-00.jpg?itok=X2LAF5b8&timestamp=1636365713',
        20, 2, 1),
       (13, 'Чжу Йє Цін', 'Це найвідоміший чай із Сичуані. Флагман провінції. Його люблять і знають усі китайці без винятку. Чжу Е Цин роблять не з листя, а з мініатюрних пружних чайних паростків. Уявляєте, скільки їх потрібно для 100 г чаю? Збирати Чжу Е Цин украй важко.',
        'https://newtea.ua/sites/default/files/styles/product-page/public/node/product/zelenyj_chaj_chzhu_je_tsin_01.jpg?itok=JmQTqQ3o&timestamp=1578293333',
        23, 2, 1),
       (14, 'Лю Ань Гуан Пянь', 'Цей чай збирається на обмежених територіях у лімітованій кількості. Його потрібно добре пошукати навіть у Китаї. Саме тому він не з дешевих. Спробувати його – немов виграти мільйон.',
        'https://newtea.ua/sites/default/files/styles/product-page/public/node/product/zelenyj_chaj_lyu_an_guan_pyan-1.jpg?itok=kgs2kCFP&timestamp=1565624923',
        17, 2, 1),
       (15, 'Сінь Ян Мао Цзян', 'Звичайно цей нескінченний карантин не дочекається від нас хороших слів.Але треба зізнатися, що деякі радості він все ж приніс.Ось, наприклад, Сінь Ян Мао Цзян Люкс.Раніше купити вище Преміума у нас не виходило - вже дуже високий був попит на елітні сорти всередині самого Китаю.',
        'https://newtea.ua/sites/default/files/styles/product-page/public/node/product/sin_jan_mao_czjan_ljuks-00.jpg?itok=fCpwwPJl&timestamp=1593772024',
        8, 2, 2),
       (16, 'Зелене руно із Ецтері', 'Зелений чай від грузинських майстрів із садів Ецтері.Несподівано хороший чай.Нагадує Маофен.Під враженням!',
        'https://newtea.ua/sites/default/files/styles/product-page/public/node/product/zelenoe-runo-iz-sadov-jecteri_1.jpg?itok=N9q7_GK3&timestamp=1630518208',
        11, 2, 2),
       (17, 'Дунтин Бі Ло Чунь', 'Складно щось додати до цього чаю. Та й нічого не треба додавати. Це – цар гори, top of the hill. Король зелених чаїв. Аромат, що збиває з ніг, – так називали його раніше. Найкращий Бі Ло Чунь в Україні.',
        'https://newtea.ua/sites/default/files/styles/product-page/public/node/product/duntyn-bi-lo-chun-liuks-smarahdovi-spirali-vesny-liuks-00.jpg?itok=Ksa0dsRG&timestamp=1665717914',
        15, 2, 2),
       (18, 'Кенійський вулканічний', 'Звичний для нас дешевий чорний кенійський СТС-чай (Crush, Tear, and Curl - "Давити, рвати, скручувати") відходить у минуле.Маючи фантастичні природні умови, кенійські фермери поступово вибираються з-під свого колоніального минулого і видають на ринок чудові продукти.',
        'https://newtea.ua/sites/default/files/styles/product-page/public/node/product/keniiskyi-vulkanichnyi-zelenyi-chai-00.jpg?itok=MsILGsqb&timestamp=1667972034',
        10, 2, 2),
       (19, 'Лю Ань Гуан Пянь', 'Цей чай збирається на обмежених територіях у лімітованій кількості. Його потрібно добре пошукати навіть у Китаї. Саме тому він не з дешевих. Спробувати його – немов виграти мільйон.',
        'https://newtea.ua/sites/default/files/styles/product-page/public/node/product/zelenyj_chaj_lyu_an_guan_pyan-1.jpg?itok=kgs2kCFP&timestamp=1565624923',
        7, 2, 1),
       (20, 'Хуаншань Маофен', 'Крилатий чай. Ворсисті піки з Жовтої гори піднімуть вас високо над горами.Легкість ваша буде подібна до хмари.Один з найлегших і ароматніших китайських зелених чаїв.',
        'https://newtea.ua/sites/default/files/styles/product-page/public/node/product/khuanshan-maofen-superliuks-00.jpg?itok=rIH4PU-L&timestamp=1666193147',
        3, 2, 2),
       (21, 'Срібні голки Імператорські', 'З майже побожним захопленням і жахом ми несли додому на пробу цей неймовірний чай.Поспіхом відкрили пакет.Перше, що кинулося в очі - якась казкова пухнастість. Кожна чаїнка густо вкрита білим пухом.',
        'https://encrypted-tbn0.gstatic.com/images?q=tbn:ANd9GcTXEA1ARqIgj9GJ8Gj9bSwnrvuMh6fl7eHAgQ&usqp=CAU',
        15, 3, 2),
       (22, 'Бай Мудань Королівський', 'Ми впевнені, що Березневий Заєць і Капелюшник у Країні Чудес пили саме цей чай. Якщо закрити очі та прислухатися до відчуттів, то можна вловити неземні смакові відтінки, що нагадують карамельну солодкість, весняне капання і березовий сік. Прозорий настій з ледь помітним ароматом – те, що потрібно до недільного бранчу. Пийте його, не поспішаючи. І нехай весь світ зачекає.',
        'https://newtea.ua/sites/default/files/styles/product-page/public/node/product/belyj_chaj_belyj_pion_korolevskij.jpg?itok=rYKNZfYb&timestamp=1480693001',
        11, 3, 1),
       (23, 'Бай Мудань', 'Цей чай смачніший за пломбір з дитинства, ароматніший за букет троянд і змістовніший за велику радянську енциклопедію. Дуже сонячний чай. Ми обожнюємо його смак за нотки різнотрав''я, фруктів і меду. А ще – за солодкий післясмак. Як показує практика, «Біла півонія» зачаровує всіх дівчат без винятку. І вас зачарує, обіцяємо.',
        'https://newtea.ua/sites/default/files/styles/product-page/public/node/product/belyj-pion-baj-mudan-000.jpg?itok=6vpNmEYO&timestamp=1628568996',
        8, 3, 2),
       (24, 'Сиху Лунцзин', 'Друзі, знайомтеся – це наш новий чай, національна гордість Китаю. Тільки з''явився, а вже став улюбленцем. Яскравий, смачний, незабутній. Він як політ на повітряній кулі – залишає тільки приємні емоції та метеликів у животі. Саме цей Лунцзин з обмеженої території озера Сіху має титул «Знаменитий чай з Китаю». Саме озеро є об''єктом Всесвітньої спадщини ЮНЕСКО.',
        'https://newtea.ua/sites/default/files/styles/product-page/public/node/product/sihu_lunczin_kolodec_drakona.jpg?itok=p_SIaISH&timestamp=1562169480',
        10, 3, 1),
       (25, 'Бай Мао Хоу', 'Волохаті чаїнки схожі на хвостики мавп. Для цього чаю беруть бруньку і два сусідніх листочки, які щойно розпустилися. Чай легкий, без гіркоти, дає гарний золотистий настій. В ароматі відчуваються медові та цитрусові нотки. Ми вважаємо, що це найсмачніший чай для вечірньої релаксації після напруженого дня.',
        'https://newtea.ua/sites/default/files/styles/product-page/public/node/product/snezhnaja_obezjana_baj_mao_hou.jpg?itok=dNpIbyRE&timestamp=1554385518',
        10, 3, 2),
       (26, 'Хуаншань Маофен', 'Назва цього чаю перекладається як «Ворсисті піки з жовтої гори». І цьому є пояснення. Листочки Маофен укриті дрібними бежевими ворсинками. Так, немов ранковий туман огорнув гірські піки. Чари на цьому не закінчуються. Чай дуже легкий. Коли ви куштуєте його, то відчуваєте, що трішки піднімаєтеся над землею, немов маєте крила.',
        'https://newtea.ua/sites/default/files/styles/product-list/public/node/product/img2/huanshan_maofjen-02.jpg?itok=v4Rsb8FU',
        3, 3, 2),
       (27, 'Смарагдові перлини', 'Це ті самі жасминові перлини.Але без жасмину.Ми відволікли похилого віку фермера і укручили кілька кілограм.Дуже вже нам хотілося спробувати початковий смак.Якщо ви теж прагнете докопатися до самої суті – велкам.Ще кілька кілограмів залишилося.',
        'https://newtea.ua/sites/default/files/styles/product-page/public/node/product/izumrudnye-zhemchuzhiny-00.jpg?itok=X2LAF5b8&timestamp=1636365713',
        13, 4, 1),
       (28, 'Чжу Йє Цін', 'Це найвідоміший чай із Сичуані. Флагман провінції. Його люблять і знають усі китайці без винятку. Чжу Е Цин роблять не з листя, а з мініатюрних пружних чайних паростків. Уявляєте, скільки їх потрібно для 100 г чаю? Збирати Чжу Е Цин украй важко.',
        'https://newtea.ua/sites/default/files/styles/product-page/public/node/product/zelenyj_chaj_chzhu_je_tsin_01.jpg?itok=JmQTqQ3o&timestamp=1578293333',
        23, 4, 1),
       (29, 'Лю Ань Гуан Пянь', 'Цей чай збирається на обмежених територіях у лімітованій кількості. Його потрібно добре пошукати навіть у Китаї. Саме тому він не з дешевих. Спробувати його – немов виграти мільйон.',
        'https://newtea.ua/sites/default/files/styles/product-page/public/node/product/zelenyj_chaj_lyu_an_guan_pyan-1.jpg?itok=kgs2kCFP&timestamp=1565624923',
        10, 4, 1),
       (30, 'Сінь Ян Мао Цзян Люкс', 'Звичайно цей нескінченний карантин не дочекається від нас хороших слів.Але треба зізнатися, що деякі радості він все ж приніс.Ось, наприклад, Сінь Ян Мао Цзян Люкс.Раніше купити вище Преміума у нас не виходило - вже дуже високий був попит на елітні сорти всередині самого Китаю.',
        'https://newtea.ua/sites/default/files/styles/product-page/public/node/product/sin_jan_mao_czjan_ljuks-00.jpg?itok=fCpwwPJl&timestamp=1593772024',
        8, 4, 2);

INSERT INTO flavor(id, name)
VALUES (1, 'Горіховий'),
       (2, 'Молочний'),
       (3, 'Шоколадний'),
       (4, 'Тропічний'),
       (5, 'Мультифруктовий'),
       (6, 'Медовий'),
       (7, 'Цитрусовий');

INSERT INTO property(id, name)
VALUES (1, 'Освіжає'),
       (2, 'Бадьорить'),
       (3, 'Підсилює роботу мозку'),
       (4, 'Для схуднення'),
       (5, 'Заспокоює');

INSERT INTO product_flavor(product_id, flavor_id)
VALUES (1, 1),
       (1, 2),
       (1, 4),
       (1, 7),
       (2, 1),
       (2, 2),
       (2, 3),
       (3, 6),
       (3, 7),
       (4, 1),
       (4, 3),
       (4, 4),
       (4, 5),
       (5, 2),
       (5, 3),
       (5, 4),
       (6, 3),
       (6, 1),
       (6, 4),
       (7, 4),
       (7, 5),
       (7, 6),
       (7, 7),
       (8, 1),
       (8, 2),
       (8, 3),
       (8, 4),
       (8, 5),
       (9, 5),
       (9, 6),
       (9, 7),
       (10, 2),
       (10, 3),
       (10, 7),
       (11, 1),
       (11, 2),
       (11, 3),
       (12, 1),
       (12, 2),
       (12, 5),
       (12, 6),
       (13, 4),
       (13, 5),
       (13, 6),
       (13, 7),
       (14, 7),
       (14, 1),
       (14, 2),
       (15, 1),
       (15, 2),
       (15, 4),
       (16, 4),
       (16, 5),
       (16, 2),
       (16, 3),
       (17, 5),
       (17, 6),
       (17, 3),
       (18, 4),
       (18, 5),
       (18, 6),
       (19, 6),
       (19, 4),
       (19, 1),
       (19, 2),
       (20, 4),
       (20, 5),
       (20, 7),
       (21, 5),
       (21, 6),
       (21, 7),
       (22, 6),
       (22, 1),
       (22, 2),
       (22, 3),
       (23, 4),
       (23, 5),
       (23, 7),
       (24, 7),
       (24, 5),
       (24, 1),
       (25, 1),
       (25, 2),
       (25, 3),
       (25, 4),
       (26, 2),
       (26, 5),
       (26, 6),
       (26, 7),
       (27, 6),
       (27, 2),
       (27, 3),
       (27, 4),
       (27, 5),
       (28, 2),
       (28, 3),
       (28, 4),
       (29, 3),
       (29, 4),
       (29, 5),
       (29, 1),
       (29, 2),
       (30, 5),
       (30, 1),
       (30, 2),
       (30, 3);


INSERT INTO product_properties(product_id, property_id)
VALUES (1, 2),
       (1, 1),
       (1, 3),
       (1, 4),
       (2, 1),
       (2, 2),
       (2, 3),
       (3, 1),
       (3, 2),
       (3, 5),
       (4, 2),
       (4, 3),
       (4, 4),
       (4, 5),
       (5, 1),
       (5, 2),
       (5, 4),
       (6, 2),
       (6, 3),
       (6, 4),
       (7, 4),
       (7, 3),
       (7, 5),
       (8, 3),
       (8, 1),
       (8, 2),
       (8, 5),
       (9, 1),
       (9, 2),
       (9, 3),
       (10, 1),
       (10, 2),
       (10, 3),
       (11, 3),
       (11, 4),
       (11, 5),
       (12, 4),
       (12, 1),
       (12, 2),
       (12, 3),
       (12, 5),
       (13, 1),
       (13, 2),
       (13, 3),
       (13, 4),
       (13, 5),
       (14, 1),
       (14, 2),
       (14, 3),
       (14, 4),
       (15, 4),
       (15, 3),
       (15, 2),
       (16, 3),
       (16, 2),
       (16, 1),
       (16, 5),
       (17, 4),
       (17, 2),
       (17, 1),
       (17, 3),
       (18, 2),
       (18, 3),
       (18, 4),
       (19, 4),
       (19, 1),
       (19, 2),
       (20, 4),
       (20, 5),
       (20, 1),
       (21, 1),
       (21, 2),
       (21, 3),
       (21, 4),
       (22, 4),
       (22, 3),
       (22, 5),
       (23, 3),
       (23, 4),
       (23, 5),
       (24, 3),
       (24, 2),
       (24, 1),
       (24, 4),
       (24, 5),
       (25, 3),
       (25, 4),
       (25, 5),
       (26, 1),
       (26, 2),
       (26, 3),
       (27, 3),
       (27, 2),
       (28, 3),
       (28, 4),
       (28, 2),
       (29, 1),
       (29, 2),
       (29, 3),
       (29, 4),
       (30, 1),
       (30, 2),
       (30, 3);

INSERT INTO blog_post(id, title, image, content)
VALUES(1, 'Чорний чи зелений? Який чай слід обрати?',
       'https://images.ctfassets.net/nxwd08xatpf3/2BKQSIPgKaBDjSerHKWGFU/c7b405a2abf02f1c932a6e07151ce74b/tea.jpg?fm=jpg&fl=progressive&q=50&w=1200',
       'Чай – улюблений напій мільйонів людей на планеті, другий за популярністю після води. В Україні найбільше шанувальників у двох різновидів чаю: чорного і зеленого. У кожного напою є свої переваги: поки одні насолоджуються насиченим смаком чорних сортів, інші заварюють зелений чай. А якщо приїлися звичні смаки, то можна влаштувати гастроексперимент – зробити чайний купаж. Ось тільки чи можна змішувати зелений і чорний чай при заварюванні?

Вибір чорного або зеленого чаю так само принциповий, як і питання «Ви любите собак чи кішок?». Насправді між цими видами напою більше спільного, ніж відмінностей. Сировину для виготовлення чорних і зелених сортів збирають з однієї рослини – чайного куща Camellia sinensis.

Різниця полягає в технології. Чайне листя для чорного чаю піддають більшому окисленню, в результаті чого виходить сильноферментований чай – ступінь окислення листя сягає 50%. У зелених сортах ступінь ферментації листя становить 3–12%. Відмінності в обробці чаю визначають вид готового продукту. При слабкій ферментації листя зберігає зелений колір, у чорному чаї листя темно-коричневе. Заварений настій зеленого чаю жовтий із зеленим відливом, сильноферментований напій відразу ж розпізнається за бурштиново-коричневим кольором чаю.

Роздумуєте, чи можна змішувати зелений і чорний чай? Відповідь очевидна: звичайно, можна. Питання в іншому: чи потрібно? Чайні купажі створюють, щоб отримати нові відтінки смаку та аромату. Однак чорно-зелену гармонію здатні зруйнувати відмінності в органолептиці й технології заварювання цих різновидів чаю.'),
    (2, 'Як п''ють чай у різних країнах',
     'https://newtea.ua/sites/default/files/styles/100/public/images/7.jpg?itok=5zwUN_rT',
     'Люди п''ють чай уже кілька тисяч років. Не дивно, що за цей час у різних країнах і регіонах сформувалися свої правила чаювання: який чай пити, з чим, у якому посуді подавати тощо. Традиції чаювання формуються під впливом культури країни. А ще вибір виду і сорту чаю, а також добавок до нього залежить від рослин і продуктів, які є в конкретному географічному регіоні, і навіть клімату. Давайте дізнаємось і порівняємо, чим відрізняються традиції чаювання в різних країнах.

Китай – батьківщина листового чаю: звідси напій поширився по всьому світу. Однак спочатку в Піднебесній чай вживали як ліки, і тільки через століття китайці оцінили незвичайний смак «ча» і навіть розробили добірку правил «Гунфу Ча», або «Вища майстерність чаювання».

Чай у Китаї заварюють у традиційних глиняних або фарфорових чайничках і п''ють із маленьких чашок на 30–50 мл. Готують напій методом проливу: заварку заливають водою, настоюють 10–30 секунд і розливають у чашки, потім знову заливають чай водою і настоюють. Так заварюють чай до 15 разів (кількість проливів залежить від типу чаю). Залишки води зливають у чабань – спеціальну дошку для чаювання. Щоб максимально спростити процес приготування, але при цьому дотриматися технології заварювання проливами, китайці навіть чайник спеціальний придумали – ізіпот.

У Японії, куди чай потрапив із Китаю, сформувалася своя культура чаювання. Ключова фігура японської чайної церемонії – матча, чай-порошок. Готують його так: висушене молоде листя зеленого чаю перетирають у фарфоровій ступці. Виходить дрібний порошок яскраво-зеленого кольору, який заварюють водою, нагрітою до 60°С. Матча підходить і для шести видів японських чайних церемоній, і для вдумливого чаювання на самоті. До чаю в Японії подають традиційні солодощі – вагасі.

До східних слов''ян чай потрапив у XVII столітті, коли почалися прямі поставки цього продукту з Китаю. Традиції російського чаювання пов''язані з особливим предметом – самоваром. Це величезний чайник-термос, у якому вода постійно підігрівається, а зверху встановлюється заварник. Чаювати із самоваром можна кілька годин поспіль. Сьогодні цей предмет виглядає екзотично, складно повірити, що років 30–40 тому електричні самовари були в будинках багатьох українців.

Якщо в Китаї або Японії всю увагу зосереджено на напої, то російські традиції чаювання мають на увазі всілякі смачні доповнення: пироги, бублики, мед, варення тощо.'),
    (3, 'Чай холодного заварювання: у чому його унікальність',
     'https://static.fajnegotowanie.pl/media/uploads/media_image/original/przepis/2425/ice-tea.jpg',
     'Китайці про заварений чай кажуть, що через п''ять хвилин – це напій для здоров''я, а через годину – отрута змії. Народну мудрість підтверджують результати досліджень: уже за півгодини в настої руйнується більша частина корисних елементів, з''являється гіркота. Тому в Китаї настоюють заварку від 10 секунд до 1–2 хвилин, потім чай одразу розливають по чашках, залишки настою зливають у чабань – спеціальну дошку з прорізами.

Холодне заварювання чаю дозволяє зберегти «живий» напій із приємним, соковитим смаком. Справа в тому, що при такому приготуванні з чайного листя виділяється мінімальна кількість танінів, процес іде дуже повільно. Заварку можна тримати в холодній воді кілька годин, і за цей час чай не стане гірким і терпким.

Цікавим за смаком виходить листовий чай із натуральними добавками. Можна взяти купаж із пелюстками троянди або жасминовий чай для заварювання в холодній воді. А ось насичені ферментовані сорти для низькотемпературного приготування не годяться: чайне листя не розпускається в холодній воді. Тому чорний, або червоний, чай, світлі улуни та пуер краще заварювати традиційним способом – гарячою водою.'),
    (4, 'Чай з молоком: британські чайні традиції',
     'https://kiev.karavan.com.ua/wp-content/uploads/2020/10/dimc-min.jpg',
     'Лимон або мед – звичне і смачне доповнення до чаю, так п''ють цей напій у нас. А ось у Великобританії – країні, де вживають чай в рекордних кількостях, інші традиції. Жителі Туманного Альбіону вважають за краще додавати в чай ​​молоко. Ми розповімо, звідки взялась така звичка і як пити чай з молоком, щоб отримати від чаювання максимум задоволення та користі.

Дуже просто, запропонуйте йому чай з молоком – 98% жителів Великобританії вважають за краще саме такий напій. Цій традиції вже 400 років. Молоко плюс чай – таке поєднання напоїв з''явилося аж ніяк не через смакові переваги. Молоко додавали, щоб дорогоцінні чашки з найтоншого фарфору не тріснули від гарячої води.

Правда, спочатку наливали молоко, а вже потім свіжозаварений чай. Однак англійці швидко оцінили оригінальний смак отриманого напою, і таке поєднання увійшло в звичку. Як зробити чай з молоком, сьогодні знає кожен британський школяр.

Не рекомендується додавати молоко в чаї з яскравим або, навпаки, ніжним ароматом. Характерний смак і запах молока може спотворити або заглушити органолептичні властивості чаю. Хоча в питанні, як приготувати чай з молоком, краще покладатися на власні смакові переваги: сьогодні додають молоко в Дарджилінг, інші – в пуер, треті – в зелений Лунцзин.'),
    (5, 'Правила зберігання чаю',
     'https://images.ctfassets.net/nxwd08xatpf3/3ZFFmcSUDuvMseik89Dyif/16d402de739724a620b1d2ad1c95d3bc/88cedbc4-c991-4551-a618-28cac75fcb9a.jpg?fm=jpg&fl=progressive&q=50&w=1200',
     'Момент перший – упаковка. Тара повинна відповідати двом вимогам: бути герметичною і непрозорою.

Сонячні промені – ще один ворог сухої заварки. Світло, навіть розсіяне, також активує процес окислення. Внаслідок цього пігменти руйнуються, листя блякне і жовтіє, колір настою втрачає насиченість, аромат завареного напою приглушується.

Отже, в чому зберігати чай? Оптимальний варіант – керамічна ємність або банка з нержавійки з щільною кришкою. Допускаються також фольговані пакети із застібкою zip lock, але скоріше як тимчасовий спосіб зберігання. Скляна ж банка обов''язково повинна стояти в темному місці.

Другий момент – місце зберігання. Універсальний рецепт – сухе тепле місце. Розшифруємо: «сухе» має на увазі вологість до 60%, «темне» – без доступу сонячних променів. Як правило, таке місце знаходиться в кухонній шафі. З цього правила є винятки: де зберігати чай зелений та інші слабкоферментовані сорти, розповімо далі.'),
    (6, 'Як виготовляється пуер',
     'https://coffee-cantata.com/wp-content/uploads/2018/01/tea-plantation-5.jpg',
    'Китайський традиційний пуер – напій, овіяний легендами. Унікальність оригінального чаю полягає в тому, що сухі пресовані коржі від довгої витримки не псуються, чай з кожним роком стає краще на смак і дорожчає в ціні. Такими незвичайними властивостями напій зобов''язаний унікальному способу виготовлення, який зберігся з минулого тисячоліття.

Згадки про пуер зустрічаються в китайських літописах XVII століття. Чай пуер, оброблений парою, пресували в коржі і відправляли з міста Сіфань кінними караванами. Чайні млинці на спинах коней долали сотні кілометрів під дощем і сонцем, снігом і вітром. За місяці шляху пуер «дозрівав» і за смаком сильно відрізнявся від молодого чаю.

Найціннішим в епоху династій Мін і Цін вважалися чайні млинці, витримані десятиліттями. Пройшли століття, але нічого не змінилося: за пуер, якому 30-40 років, колекціонери готові викласти десятки тисяч доларів.

Як і 500 років тому, чайні кущі для виготовлення пуерів вирощують в китайських провінціях Гуйчжоу, Юньнань і Сичуань. Збирають урожай також на півночі Бірми, в Лаосі та В''єтнамі.

Пуер – група постферментованих чаїв, які роблять за спеціальною технологією. Головна особливість – мікробна ферментація, якій піддають листя, оброблені до рівня зелених чаїв. Окислення сировини відбувається завдяки цвілевим грибам Aspergillus acidus.'),
    (7, 'Зелений чай: користь для шкіри',
    'https://www.lifeberrys.com/img/article/green-tea-face-pack-1609310938-lb.jpg',
    'Сьогодні розповімо про найбільший людський орган – шкіру. Точніше, про те, як зберегти шкірний покрив за допомогою популярного напою – зеленого чаю.

Зелений чай – ідеальний засіб, щоб підтримувати шкірний покрив у чудовому стані. Справа в тому, що до складу чайного листя входять компоненти, з яких складається та яких потребує шкіра

 Китаї зелений чай спрадавна вважався ліками та засобом, що подовжує молодість. Користь чайного листя для шкіри доведено науково, не випадково екстракт зеленого чаю – популярний компонент косметичних засобів: кремів, лосьйонів, масок і тоніків для обличчя.

Настій чайного листя можна використовувати за прямим призначенням – пити – або щоб робити примочки й маски.'),
    (8, 'Скільки калорій у зеленому чаї?',
    'https://yume.com.ua/image/catalog/yap444.jpg',
    'Мало хто знає, що Елвіс Преслі був прихильником дієти Сплячої красуні. Назва інтригує, але суть проста: коли людина спить, вона не їсть. Король рок-н-ролу залишив цей світ півстоліття тому, але тема схуднення надзвичайно актуальна й у наші дні. Згідно з медичною статистикою, 2,1 млрд людей на планеті страждають від надлишкової ваги. Недивно, що сьогодні такий ажіотаж у світі стосовно продуктів: враховується кожна калорія.

Чай – другий за популярністю напій після води, тому любителів чаю, які слідкують за фігурою, хвилює, як вживання напою впливає на вагу тіла. Ми – чайні експерти й готові відповісти вам на це запитання з точністю до калорії.

Вода не відкладеться зайвими грамами в тілі, адже це некалорійна рідина. Виходить, що в чаї лише заварка – можливе джерело калорій. Але все вже підраховано: у 100 г сухої заварки чорного чаю – 140 ккал. Якщо розділити по чашках, припаде 2–4 ккал на чашку обсягом 200 мл.

Висновок: чай – підходящий варіант, щоб утамувати спрагу, насолодитися вишуканим смаком, не переймаючись тим, як філіжанка-дві улюбленого напою позначаться на фігурі.');

-- Password 1234 is encrypted

INSERT INTO user (id, name, surname, patronymic, birthday, email, password, image)
VALUES (1, 'Ivan', 'Ivanovich','Ivanovich', '2022-10-28', 'test1@gmail.com', '$2a$10$9RwGiLB.ydD8c8oVxVamzOXxHYF1FQMhjrlHKY3pkCsjifrwCeJKK', 'https://images.unsplash.com/photo-1633332755192-727a05c4013d?ixlib=rb-4.0.3&ixid=MnwxMjA3fDB8MHxzZWFyY2h8Mnx8dXNlcnxlbnwwfHwwfHw%3D&w=1000&q=80'),
       (2, 'Petro', 'Ivanovich','Ivanovich', '2022-10-28', 'test2@gmail.com', '$2a$10$9RwGiLB.ydD8c8oVxVamzOXxHYF1FQMhjrlHKY3pkCsjifrwCeJKK', 'https://images.unsplash.com/photo-1633332755192-727a05c4013d?ixlib=rb-4.0.3&ixid=MnwxMjA3fDB8MHxzZWFyY2h8Mnx8dXNlcnxlbnwwfHwwfHw%3D&w=1000&q=80'),
       (3, 'Dmitriy', 'Ivanovich','Ivanovich', '2022-10-28', 'test3@gmail.com', '$2a$10$9RwGiLB.ydD8c8oVxVamzOXxHYF1FQMhjrlHKY3pkCsjifrwCeJKK', 'https://images.unsplash.com/photo-1633332755192-727a05c4013d?ixlib=rb-4.0.3&ixid=MnwxMjA3fDB8MHxzZWFyY2h8Mnx8dXNlcnxlbnwwfHwwfHw%3D&w=1000&q=80'),
       (4, 'Oleg', 'Ivanovich','Ivanovich', '2022-10-28', 'test4@gmail.com', '$2a$10$9RwGiLB.ydD8c8oVxVamzOXxHYF1FQMhjrlHKY3pkCsjifrwCeJKK', 'https://images.unsplash.com/photo-1633332755192-727a05c4013d?ixlib=rb-4.0.3&ixid=MnwxMjA3fDB8MHxzZWFyY2h8Mnx8dXNlcnxlbnwwfHwwfHw%3D&w=1000&q=80');

INSERT INTO role
VALUES (1, 'customer'),
       (3, 'admin');


INSERT INTO user_role
VALUES (1, 1),
       (1, 3),
       (2, 1),
       (3, 1),
       (4, 1);

SET FOREIGN_KEY_CHECKS = 1;